{"min_log_data": -2.2464796927362904, "max_log_data": 3.792474893945585}